distance,elapsed_time,elevation_difference,moving_time,split,average_speed,average_grade_adjusted_speed,pace_zone,run_id,average_heartrate
1611.9,506,10.2,506,1,3.19,3.27,3,13644935117,
1609.8,486,31.6,486,2,3.31,3.5,4,13644935117,
1607.7,458,10.3,458,3,3.51,3.57,5,13644935117,
1608.4,456,0.5,456,4,3.53,3.58,5,13644935117,
1610.5,439,-36.0,439,5,3.67,3.51,4,13644935117,
1608.0,480,-23.5,443,6,3.63,3.54,5,13644935117,
1612.4,438,-6.0,438,7,3.68,3.67,5,13644935117,
1607.6,453,3.2,453,8,3.55,3.57,5,13644935117,
1610.1,472,22.3,472,9,3.41,3.56,5,13644935117,
1607.8,468,9.0,468,10,3.44,3.52,4,13644935117,
1611.7,471,2.3,471,11,3.42,3.49,4,13644935117,
1607.8,464,-2.8,464,12,3.47,3.51,4,13644935117,
1610.6,482,4.5,482,13,3.34,3.49,4,13644935117,
1609.5,477,12.1,477,14,3.37,3.44,4,13644935117,
1607.0,515,4.7,477,15,3.37,3.4,4,13644935117,
1611.1,460,3.3,460,16,3.5,3.53,4,13644935117,
1610.8,480,-5.5,480,17,3.36,3.37,4,13644935117,
1613.0,469,-19.8,469,18,3.44,3.37,4,13644935117,
1602.5,503,18.6,503,19,3.19,3.34,4,13644935117,
1609.6,487,-23.5,487,20,3.31,3.24,3,13644935117,
1610.6,532,-16.0,532,21,3.03,2.98,3,13644935117,
1608.3,536,-4.4,536,22,3.0,2.99,3,13644935117,
1610.6,586,-0.6,578,23,2.79,2.79,2,13644935117,
1609.1,590,1.4,568,24,2.83,2.84,2,13644935117,
1608.4,592,1.4,592,25,2.72,2.72,2,13644935117,
1609.5,626,3.6,626,26,2.57,2.6,2,13644935117,
1298.0,524,10.2,520,27,2.5,2.63,2,13644935117,
1611.6,550,-7.2,550,1,2.93,2.92,2,13681631134,
1609.7,663,8.0,563,2,2.86,2.91,2,13681631134,
1607.8,570,-3.8,570,3,2.82,2.82,2,13681631134,
1610.7,581,-2.7,581,4,2.77,2.78,2,13681631134,
1608.6,549,8.3,549,5,2.93,2.98,3,13681631134,
403.8,140,-4.1,140,6,2.88,2.83,2,13681631134,
1611.5,552,11.3,552,1,2.92,2.97,3,13687759655,
1607.6,522,-12.5,522,2,3.08,3.04,3,13687759655,
1610.1,512,-14.3,512,3,3.14,3.1,3,13687759655,
1610.6,531,3.7,531,4,3.03,3.06,3,13687759655,
1610.7,497,12.0,497,5,3.24,3.32,4,13687759655,
105.1,43,-0.4,33,6,3.18,3.17,3,13687759655,
1533.9,573,1.5,573,1,2.68,2.69,2,13687853918,
1609.4,537,0.4,537,1,3.0,3.02,3,13698452319,
1610.2,544,18.3,544,2,2.96,3.06,3,13698452319,
1611.0,584,-5.7,584,3,2.76,2.75,2,13698452319,
1609.2,559,-15.3,559,4,2.88,2.83,2,13698452319,
1608.5,580,-3.3,580,5,2.77,2.77,2,13698452319,
1608.9,569,4.5,569,6,2.83,2.86,2,13698452319,
1609.9,477,-3.5,477,7,3.38,3.38,4,13698452319,
1608.3,434,5.5,434,8,3.71,3.75,5,13698452319,
444.9,150,-2.6,150,9,2.97,2.94,2,13698452319,
1613.1,533,0.6,533,1,3.03,3.05,3,13717171295,
1608.5,489,17.8,489,2,3.29,3.4,4,13717171295,
1607.0,424,-5.5,424,3,3.79,3.78,6,13717171295,
1611.4,423,-18.4,423,4,3.81,3.73,5,13717171295,
1608.3,489,4.0,489,5,3.29,3.33,4,13717171295,
1610.1,429,-4.4,429,6,3.75,3.76,6,13717171295,
31.7,9,0.2,9,7,3.52,3.57,5,13717171295,
1609.9,557,3.9,557,1,2.89,2.93,2,13717257825,
346.5,105,-1.6,105,2,3.3,3.29,3,13717257825,
1610.7,541,9.6,541,1,2.98,3.02,3,13724147701,
1608.4,629,-9.9,557,2,2.89,2.86,2,13724147701,
1611.6,568,-13.6,568,3,2.84,2.8,2,13724147701,
1606.8,583,-1.9,583,4,2.76,2.79,2,13724147701,
1611.1,587,16.0,587,5,2.74,2.83,2,13724147701,
1609.8,548,4.3,548,6,2.94,2.97,3,13724147701,
1609.0,495,-5.6,495,7,3.25,3.24,3,13724147701,
5.5,2,0.0,2,8,2.75,2.75,2,13724147701,
1612.2,506,12.9,506,1,3.19,3.25,3,13733083572,
1607.0,496,-5.3,496,2,3.24,3.23,3,13733083572,
528.2,170,-7.7,157,3,3.36,3.28,3,13733083572,
1610.8,416,0.0,416,1,3.87,3.87,6,13733410292,
1610.7,479,0.0,479,2,3.36,3.36,4,13733410292,
1607.4,546,0.0,540,3,2.98,2.98,3,13733410292,
1612.5,502,0.2,499,4,3.23,3.23,3,13733410292,
1166.2,419,0.1,412,5,2.83,2.83,2,13733410292,
1155.1,415,-7.1,415,1,2.78,2.76,2,13733478952,
1610.6,549,-0.8,549,1,2.93,2.95,2,13751358548,
1610.2,581,3.1,581,2,2.77,2.8,2,13751358548,
1609.3,574,-7.3,574,3,2.8,2.78,2,13751358548,
1609.3,624,0.9,547,4,2.94,2.97,3,13751358548,
1608.6,568,6.3,568,5,2.83,2.89,2,13751358548,
1608.4,511,-0.9,511,6,3.15,3.17,3,13751358548,
396.5,119,2.7,119,7,3.33,3.4,4,13751358548,
1609.6,551,0.8,470,1,3.42,3.44,4,13762050879,
1609.8,450,0.4,450,2,3.58,3.58,5,13762050879,
1609.5,469,-1.5,469,3,3.43,3.44,4,13762050879,
1608.5,469,2.9,469,4,3.43,3.47,4,13762050879,
1611.0,459,-3.2,459,5,3.51,3.5,4,13762050879,
1610.2,458,4.2,455,6,3.54,3.58,5,13762050879,
1608.7,443,-2.8,443,7,3.63,3.66,5,13762050879,
1608.5,445,-1.6,445,8,3.61,3.61,5,13762050879,
1609.1,448,7.8,448,9,3.59,3.65,5,13762050879,
1612.3,462,-2.0,462,10,3.49,3.51,4,13762050879,
5.0,3,0.1,3,11,1.67,1.77,1,13762050879,
1611.3,599,2.3,591,1,2.73,2.74,2,13762224665,
1195.8,424,5.2,424,2,2.82,2.94,2,13762224665,
1609.4,534,-1.0,534,1,3.01,3.03,3,13778229157,
1611.0,737,-3.5,566,2,2.85,2.84,2,13778229157,
1608.3,554,4.0,554,3,2.9,2.94,2,13778229157,
1608.9,547,-0.9,547,4,2.94,2.95,2,13778229157,
1611.0,487,-2.8,487,5,3.31,3.32,4,13778229157,
810.8,212,-1.3,212,6,3.82,3.82,6,13778229157,
1609.4,563,3.6,563,1,2.86,2.9,2,13778332960,
404.0,140,1.9,140,2,2.89,2.98,3,13778332960,
1610.8,616,-2.1,556,1,2.9,2.9,2,13790634217,
1610.9,539,5.3,539,2,2.99,3.03,3,13790634217,
1608.3,581,20.2,581,3,2.77,2.89,2,13790634217,
1608.4,588,-11.3,588,4,2.74,2.71,2,13790634217,
1610.3,563,-11.0,563,5,2.86,2.83,2,13790634217,
1607.9,572,-3.6,516,6,3.12,3.12,3,13790634217,
1610.9,492,6.3,492,7,3.27,3.32,4,13790634217,
18.9,8,-0.4,8,8,2.36,2.25,1,13790634217,
1609.8,471,0.4,471,1,3.42,3.45,4,13797015564,
1611.8,458,18.5,458,2,3.52,3.64,5,13797015564,
1608.2,430,-5.9,430,3,3.74,3.72,5,13797015564,
1609.0,424,-18.1,424,4,3.79,3.72,5,13797015564,
1610.7,428,4.2,428,5,3.76,3.81,6,13797015564,
1608.4,422,1.8,422,6,3.81,3.85,6,13797015564,
1608.1,408,-6.4,408,7,3.94,3.92,6,13797015564,
324.9,83,-0.2,83,8,3.91,3.95,6,13797015564,
1611.9,495,-0.6,495,1,3.26,3.27,3,13797123263,
481.9,152,1.0,152,2,3.17,3.24,3,13797123263,
1611.2,626,-0.6,562,1,2.87,2.88,2,13815292846,
1609.9,541,12.5,541,2,2.98,3.05,3,13815292846,
1607.1,526,-15.2,526,3,3.06,3.01,3,13815292846,
1611.7,579,6.0,532,4,3.03,3.07,3,13815292846,
1606.9,466,-7.4,466,5,3.45,3.44,4,13815292846,
1611.4,515,4.6,515,6,3.13,3.17,3,13815292846,
1410.6,467,0.0,467,7,3.02,3.05,3,13815292846,
1610.2,455,12.5,455,1,3.54,3.61,5,13826498331,
1609.8,459,-18.2,459,2,3.51,3.44,4,13826498331,
1609.3,461,-10.6,461,3,3.49,3.45,4,13826498331,
1609.3,448,3.5,448,4,3.59,3.64,5,13826498331,
1610.0,455,15.1,455,5,3.54,3.65,5,13826498331,
1610.2,463,-5.1,463,6,3.48,3.5,4,13826498331,
1607.6,455,3.3,455,7,3.53,3.59,5,13826498331,
1608.7,435,-13.3,435,8,3.7,3.65,5,13826498331,
1610.0,419,-3.6,419,9,3.84,3.85,6,13826498331,
1611.3,441,13.9,441,10,3.65,3.77,6,13826498331,
1608.7,434,12.2,434,11,3.71,3.78,6,13826498331,
1607.3,414,-19.3,414,12,3.88,3.8,6,13826498331,
1612.9,425,-1.0,425,13,3.8,3.8,6,13826498331,
211.8,53,1.1,53,14,4.0,4.03,6,13826498331,
1611.2,488,0.4,488,1,3.3,3.33,4,13843007158,
1609.7,451,17.6,451,2,3.57,3.68,5,13843007158,
1611.1,442,-4.4,442,3,3.65,3.64,5,13843007158,
1607.6,437,-18.9,437,4,3.68,3.61,5,13843007158,
1608.9,453,3.9,453,5,3.55,3.6,5,13843007158,
1610.3,418,-3.6,418,6,3.85,3.86,6,13843007158,
563.0,140,-0.8,140,7,4.02,4.02,6,13843007158,
1611.1,493,6.4,493,1,3.27,3.32,4,13843068966,
6.2,3,0.1,3,2,2.07,2.17,1,13843068966,
1611.5,548,-1.8,548,1,2.94,2.95,2,13855280405,
1609.0,561,-3.7,561,2,2.87,2.86,2,13855280405,
1608.2,564,4.6,564,3,2.85,2.89,2,13855280405,
1611.0,580,-0.9,580,4,2.78,2.78,2,13855280405,
1609.6,559,-3.6,559,5,2.88,2.89,2,13855280405,
1608.5,533,3.3,533,6,3.02,3.05,3,13855280405,
1609.6,565,0.6,565,7,2.85,2.88,2,13855280405,
240.6,92,-0.3,92,8,2.62,2.62,2,13855280405,
1611.3,515,-2.6,515,1,3.13,3.13,3,13862546870,
1608.0,442,0.1,442,2,3.64,3.64,5,13862546870,
0.0,1,0.0,1,3,0.0,0.0,1,13862546870,
1617.2,491,-10.4,476,1,3.4,3.49,4,13863102777,180.28125
1606.5,528,-0.2,528,2,3.04,3.09,3,13863102777,176.87912087912088
1606.9,506,-2.6,506,3,3.18,3.23,3,13863102777,181.37882352941176
1607.5,567,-0.2,567,4,2.84,2.87,2,13863102777,175.76600441501103
1192.1,402,4.0,402,5,2.97,3.08,3,13863102777,176.60285714285715
1611.8,572,14.4,572,1,2.82,2.91,2,13863088243,170.44055944055944
766.3,221,-12.8,218,2,3.52,3.41,4,13863088243,186.08715596330276
1610.0,563,-2.2,563,1,2.86,2.89,2,13881032067,
1610.7,566,18.5,566,2,2.85,2.94,2,13881032067,
1607.5,571,-3.9,571,3,2.82,2.81,2,13881032067,
1609.6,579,-16.6,579,4,2.78,2.73,2,13881032067,
1611.0,622,5.1,556,5,2.9,2.94,2,13881032067,
1609.7,535,0.0,535,6,3.01,3.03,3,13881032067,
1608.8,495,-2.9,495,7,3.25,3.26,3,13881032067,
814.2,238,0.8,238,8,3.42,3.44,4,13881032067,
1611.8,501,0.1,501,1,3.22,3.24,3,13890922662,
1610.0,502,18.8,502,2,3.21,3.32,4,13890922662,
1609.1,555,-8.9,478,3,3.37,3.34,4,13890922662,
1607.3,449,-12.4,449,4,3.58,3.53,4,13890922662,
1609.0,426,3.0,426,5,3.78,3.82,6,13890922662,
1610.7,449,-2.5,449,6,3.59,3.59,5,13890922662,
1609.3,468,21.0,468,7,3.44,3.59,5,13890922662,
1607.7,433,-7.4,433,8,3.71,3.7,5,13890922662,
1610.4,421,-14.0,421,9,3.83,3.77,6,13890922662,
1608.2,452,-3.6,452,10,3.56,3.56,5,13890922662,
1609.7,453,10.6,453,11,3.55,3.64,5,13890922662,
1609.1,516,16.3,516,12,3.12,3.21,3,13890922662,
1610.0,445,-20.5,445,13,3.62,3.54,5,13890922662,
212.4,65,0.1,65,14,3.27,3.27,3,13890922662,
1048.4,384,0.2,384,1,2.73,2.74,2,13891004241,
1611.8,485,-1.1,485,1,3.32,3.34,4,13907450290,
1607.2,480,19.5,480,2,3.35,3.48,4,13907450290,
658.2,188,-7.4,188,3,3.5,3.43,4,13907450290,
1612.5,407,0.1,407,1,3.96,3.96,6,13907656546,
1608.7,432,0.2,432,2,3.72,3.73,5,13907656546,
1607.3,435,-0.1,435,3,3.69,3.7,5,13907656546,
1610.0,435,-0.1,435,4,3.7,3.7,5,13907656546,
115.5,47,0.1,40,5,2.89,2.89,2,13907656546,
1612.0,524,0.5,524,1,3.08,3.11,3,13907793227,
1608.6,518,-7.0,518,2,3.11,3.1,3,13907793227,
440.9,136,-4.7,136,3,3.24,3.18,3,13907793227,
1611.9,553,6.7,553,1,2.91,2.95,2,13917441898,
1609.0,550,5.2,550,2,2.93,2.96,2,13917441898,
1609.2,620,8.2,553,3,2.91,2.95,2,13917441898,
1610.4,551,11.7,551,4,2.92,2.97,3,13917441898,
1608.9,528,-6.7,528,5,3.05,3.03,3,13917441898,
1610.0,527,-9.3,527,6,3.06,3.03,3,13917441898,
1607.8,537,-8.3,537,7,2.99,2.98,3,13917441898,
1608.5,533,-0.2,533,8,3.02,3.04,3,13917441898,
855.2,260,-8.1,260,9,3.29,3.24,3,13917441898,
1612.5,485,3.9,485,1,3.32,3.35,4,13927226428,
1609.7,475,6.1,475,2,3.39,3.43,4,13927226428,
1606.0,449,10.8,444,3,3.62,3.69,5,13927226428,
1610.5,474,8.4,474,4,3.4,3.44,4,13927226428,
1611.1,412,-8.1,412,5,3.91,3.88,6,13927226428,
1606.7,401,-10.5,401,6,4.01,3.97,6,13927226428,
1613.0,402,-5.4,402,7,4.01,4.0,6,13927226428,
218.6,58,0.0,58,8,3.77,3.79,6,13927226428,
1610.4,529,-7.1,529,1,3.04,3.04,3,13927417361,
1609.3,564,0.6,564,2,2.85,2.86,2,13927417361,
530.9,182,-0.6,179,3,2.97,2.96,2,13927417361,
1609.8,583,6.6,583,1,2.76,2.79,2,13947098864,
1610.9,559,6.2,559,2,2.88,2.92,2,13947098864,
1609.2,664,7.2,569,3,2.83,2.86,2,13947098864,
1607.5,566,9.2,566,4,2.84,2.88,2,13947098864,
1610.5,550,-11.5,550,5,2.93,2.89,2,13947098864,
1608.2,554,-6.9,554,6,2.9,2.89,2,13947098864,
1610.6,512,-6.9,512,7,3.15,3.13,3,13947098864,
1208.1,360,-4.6,360,8,3.36,3.36,4,13947098864,
1611.6,473,5.4,473,1,3.41,3.44,4,13956420916,
1607.9,461,7.4,461,2,3.49,3.54,5,13956420916,
1612.1,458,7.0,458,3,3.52,3.56,5,13956420916,
1607.5,455,11.8,455,4,3.53,3.59,5,13956420916,
1611.2,450,6.1,450,5,3.58,3.62,5,13956420916,
1606.0,464,9.7,464,6,3.46,3.51,4,13956420916,
1609.7,472,0.5,472,7,3.41,3.42,4,13956420916,
1609.3,459,-7.5,459,8,3.51,3.48,4,13956420916,
1608.9,456,-9.2,456,9,3.53,3.5,4,13956420916,
1612.3,466,-8.0,466,10,3.46,3.44,4,13956420916,
0.0,2,0.0,2,11,0.0,0.0,1,13956420916,
1611.6,539,-8.5,539,1,2.99,2.97,3,13956680868,
1608.7,519,-5.1,519,2,3.1,3.09,3,13956680868,
1609.8,473,-6.9,473,3,3.4,3.4,4,13956680868,
6.2,2,0.0,2,4,3.1,3.1,3,13956680868,
1610.6,572,-7.3,572,1,2.82,2.8,2,13966072253,
1610.1,631,-1.0,577,2,2.79,2.8,2,13966072253,
809.9,287,5.7,287,3,2.82,2.89,2,13966072253,
1611.2,558,0.4,558,1,2.89,2.91,2,13973562986,
1607.9,557,18.3,557,2,2.89,2.98,3,13973562986,
1610.3,564,-5.1,564,3,2.86,2.85,2,13973562986,
1610.6,695,-17.6,568,4,2.84,2.79,2,13973562986,
1608.8,571,3.6,571,5,2.82,2.85,2,13973562986,
1607.9,527,2.4,527,6,3.05,3.08,3,13973562986,
1612.6,407,-8.1,407,7,3.96,3.93,6,13973562986,
3.8,2,-0.1,2,8,1.9,1.8,1,13973562986,
1013.6,346,4.7,346,1,2.93,2.98,3,13973604628,
1610.2,454,15.4,454,1,3.55,3.65,5,13983023499,
1611.7,442,-2.1,442,2,3.65,3.65,5,13983023499,
1607.8,437,-17.2,437,3,3.68,3.61,5,13983023499,
1610.3,462,7.0,462,4,3.49,3.54,5,13983023499,
1606.8,458,-2.6,458,5,3.51,3.5,4,13983023499,
1610.1,468,2.1,468,6,3.44,3.47,4,13983023499,
812.7,223,-6.0,223,7,3.64,3.6,5,13983023499,
1610.2,564,7.6,564,1,2.85,2.92,2,13983099043,
16.2,6,0.5,6,2,2.7,2.98,3,13983099043,
1612.3,519,-1.3,519,1,3.11,3.12,3,13995543625,
1607.7,535,0.0,535,2,3.01,3.01,3,13995543625,
1610.2,559,-0.3,559,3,2.88,2.9,2,13995543625,
1607.3,580,0.1,580,4,2.77,2.78,2,13995543625,
1612.3,578,0.0,578,5,2.79,2.8,2,13995543625,
1608.0,535,-3.7,535,6,3.01,3.01,3,13995543625,
1609.3,536,5.1,536,7,3.0,3.04,3,13995543625,
101.3,42,-1.2,42,8,2.41,2.37,1,13995543625,
1609.4,551,-2.1,551,1,2.92,2.93,2,14011813862,
1611.3,655,4.2,575,2,2.8,2.84,2,14011813862,
1609.2,647,-2.8,586,3,2.75,2.74,2,14011813862,
1611.0,580,0.5,580,4,2.78,2.79,2,14011813862,
1606.2,554,-4.2,554,5,2.9,2.9,2,14011813862,
1612.0,523,3.8,523,6,3.08,3.12,3,14011813862,
0.0,2,-0.1,2,7,0.0,0.0,1,14011813862,
1611.8,491,0.3,491,1,3.28,3.31,4,14022134855,
1606.9,553,15.6,507,2,3.17,3.26,3,14022134855,
1610.0,480,-3.0,480,3,3.35,3.35,4,14022134855,
1611.4,412,-13.4,412,4,3.91,3.85,6,14022134855,
1609.1,568,-5.6,487,5,3.3,3.29,3,14022134855,
1607.3,415,7.9,415,6,3.87,3.94,6,14022134855,
1610.7,485,-2.6,485,7,3.32,3.32,4,14022134855,
1609.7,461,18.5,461,8,3.49,3.64,5,14022134855,
1609.9,468,-15.2,468,9,3.44,3.4,4,14022134855,
1608.3,444,-2.7,444,10,3.62,3.63,5,14022134855,
1610.4,461,-4.8,461,11,3.49,3.49,4,14022134855,
1608.0,447,1.4,447,12,3.6,3.61,5,14022134855,
0.0,2,0.0,2,13,0.0,0.0,1,14022134855,
906.3,299,-1.6,299,1,3.03,3.04,3,14022190990,
1611.7,506,-4.6,506,1,3.19,3.19,3,14039182296,
1608.9,583,6.7,496,2,3.24,3.3,3,14039182296,
1607.9,433,-2.5,433,3,3.71,3.71,5,14039182296,
1611.5,444,1.6,444,4,3.63,3.66,5,14039182296,
1609.9,500,-6.6,463,5,3.48,3.46,4,14039182296,
1611.1,453,0.9,453,6,3.56,3.57,5,14039182296,
25.1,11,0.4,11,7,2.28,2.37,1,14039182296,
1610.0,544,8.2,544,1,2.96,3.02,3,14039281768,
546.5,174,-4.2,174,2,3.14,3.1,3,14039281768,
1611.1,559,-1.1,559,1,2.88,2.9,2,14050681624,
1608.5,611,1.1,571,2,2.82,2.82,2,14050681624,
1609.8,556,-4.3,556,3,2.9,2.89,2,14050681624,
1609.2,579,4.2,579,4,2.78,2.82,2,14050681624,
1610.4,579,18.3,579,5,2.78,2.89,2,14050681624,
1609.0,569,-19.1,569,6,2.83,2.77,2,14050681624,
1608.0,560,-3.6,560,7,2.87,2.88,2,14050681624,
1611.0,528,5.7,528,8,3.05,3.09,3,14050681624,
0.0,1,0.0,1,9,0.0,0.0,1,14050681624,
1610.9,483,-1.2,483,1,3.34,3.35,4,14059367509,
1610.7,421,-0.1,421,2,3.83,3.83,6,14059367509,
1607.2,566,1.3,469,3,3.43,3.46,4,14059367509,
1611.4,484,-1.2,484,4,3.33,3.34,4,14059367509,
1608.9,444,2.4,444,5,3.62,3.66,5,14059367509,
1607.7,500,-5.9,500,6,3.22,3.21,3,14059367509,
1610.4,459,3.5,459,7,3.51,3.55,5,14059367509,
1412.5,429,0.1,429,8,3.29,3.33,4,14059367509,
1610.6,578,-1.1,578,1,2.79,2.8,2,14069316631,
1608.7,625,0.9,555,2,2.9,2.91,2,14069316631,
1612.0,551,-4.1,551,3,2.93,2.92,2,14069316631,
1607.1,539,4.6,539,4,2.98,3.02,3,14069316631,
1609.7,523,-0.6,523,5,3.08,3.08,3,14069316631,
1609.4,540,-3.7,540,6,2.98,2.98,3,14069316631,
1609.2,527,3.1,527,7,3.05,3.08,3,14069316631,
2.8,3,0.0,3,8,0.93,1.0,1,14069316631,
1610.1,476,0.4,476,1,3.38,3.41,4,14100624644,
1612.5,480,18.7,480,2,3.36,3.47,4,14100624644,
1605.6,430,-6.9,430,3,3.73,3.71,5,14100624644,
1613.1,419,-14.7,419,4,3.85,3.79,6,14100624644,
1607.8,485,-3.4,485,5,3.32,3.31,4,14100624644,
1610.3,452,2.9,452,6,3.56,3.6,5,14100624644,
1607.2,434,8.0,434,7,3.7,3.77,6,14100624644,
1609.9,519,15.5,519,8,3.1,3.2,3,14100624644,
1610.4,434,-21.9,434,9,3.71,3.62,5,14100624644,
1606.8,423,1.3,423,10,3.8,3.83,6,14100624644,
1610.1,501,-1.4,501,11,3.21,3.23,3,14100624644,
1609.1,426,-1.9,426,12,3.78,3.78,6,14100624644,
744.7,235,2.3,231,13,3.22,3.29,3,14100624644,
1610.4,549,-1.2,549,1,2.93,2.95,2,14107402351,
1609.1,580,0.9,547,2,2.94,2.95,2,14107402351,
1609.1,550,-4.1,550,3,2.93,2.92,2,14107402351,
1611.0,553,4.7,553,4,2.91,2.96,2,14107402351,
1610.1,535,-1.5,535,5,3.01,3.01,3,14107402351,
1608.1,542,-3.6,542,6,2.97,2.97,3,14107402351,
1608.5,542,4.4,542,7,2.97,3.01,3,14107402351,
3.0,3,0.1,3,8,1.0,1.07,1,14107402351,
1611.7,533,-1.3,533,1,3.02,3.04,3,14122529650,
1608.5,540,0.6,540,2,2.98,2.98,3,14122529650,
1610.6,555,-3.0,555,3,2.9,2.9,2,14122529650,
1608.7,553,2.8,553,4,2.91,2.94,2,14122529650,
1610.8,562,1.6,562,5,2.87,2.89,2,14122529650,
1609.6,506,-5.0,506,6,3.18,3.18,3,14122529650,
1608.0,518,8.1,518,7,3.1,3.15,3,14122529650,
343.9,122,-3.9,122,8,2.82,2.76,2,14122529650,
1611.8,507,-1.3,507,1,3.18,3.19,3,14127625789,
1607.8,492,0.7,492,2,3.27,3.27,3,14127625789,
1610.7,537,-3.5,482,3,3.34,3.33,4,14127625789,
1610.5,471,-0.8,471,4,3.42,3.44,4,14127625789,
1609.2,457,18.7,457,5,3.52,3.66,5,14127625789,
1609.3,434,-12.4,434,6,3.71,3.66,5,14127625789,
1607.8,462,0.4,462,7,3.48,3.52,4,14127625789,
810.9,219,-2.0,219,8,3.7,3.69,5,14127625789,
1610.7,517,-1.2,517,1,3.12,3.13,3,14150702391,
1610.0,554,-3.2,554,2,2.91,2.9,2,14150702391,
1609.5,556,2.8,556,3,2.89,2.93,2,14150702391,
1607.3,571,17.8,571,4,2.81,2.92,2,14150702391,
1612.4,571,-15.9,571,5,2.82,2.79,2,14150702391,
1608.6,582,-4.5,582,6,2.76,2.77,2,14150702391,
1609.0,592,8.2,592,7,2.72,2.76,2,14150702391,
381.7,139,-3.4,139,8,2.75,2.7,2,14150702391,
1611.7,563,-1.5,563,1,2.86,2.87,2,14157685655,
1608.2,554,0.7,554,2,2.9,2.91,2,14157685655,
1608.7,594,-3.5,548,3,2.94,2.93,2,14157685655,
1611.3,542,3.0,542,4,2.97,3.01,3,14157685655,
1608.0,544,13.4,544,5,2.96,3.06,3,14157685655,
1611.6,542,-12.9,542,6,2.97,2.94,2,14157685655,
1609.3,517,-4.0,517,7,3.11,3.12,3,14157685655,
1608.8,495,6.0,495,8,3.25,3.29,3,14157685655,
132.0,39,-1.4,39,9,3.38,3.33,4,14157685655,
1614.5,515,0.0,515,1,3.13,3.13,3,14169233955,154.60582524271845
1610.7,613,0.0,459,2,3.51,3.51,4,14169233955,159.10929853181077
1606.5,517,0.0,517,3,3.11,3.11,3,14169233955,161.5145067698259
1609.2,528,0.0,528,4,3.05,3.05,3,14169233955,168.6306818181818
1607.3,520,0.0,520,5,3.09,3.09,3,14169233955,167.38076923076923
1615.4,528,0.0,528,6,3.06,3.06,3,14169233955,169.6875
1606.4,515,0.0,515,7,3.12,3.12,3,14169233955,176.33203883495145
1610.9,517,0.0,517,8,3.12,3.12,3,14169233955,178.97292069632496
1603.9,502,0.0,502,9,3.2,3.2,3,14169233955,183.30677290836653
1614.1,536,0.0,536,10,3.01,3.01,3,14169233955,187.2537313432836
971.0,324,0.0,324,11,3.0,3.0,3,14169233955,191.92592592592592
1611.8,511,0.0,511,1,3.15,3.15,3,14180445717,149.25244618395303
1613.1,528,0.0,528,2,3.06,3.06,3,14180445717,158.73863636363637
1605.5,541,0.0,541,3,2.97,2.97,3,14180445717,163.634011090573
1610.3,551,0.0,551,4,2.92,2.92,2,14180445717,162.23593466424683
1608.6,564,0.0,564,5,2.85,2.85,2,14180445717,162.8386524822695
1613.6,563,0.0,563,6,2.87,2.87,2,14180445717,160.0017761989343
1605.5,598,0.0,554,7,2.9,2.9,2,14180445717,157.4933110367893
1606.8,538,0.0,538,8,2.99,2.99,3,14180445717,173.26022304832713
183.7,66,0.0,66,9,2.78,2.78,2,14180445717,181.04545454545453
1616.1,509,0.0,509,1,3.18,3.18,3,14189464225,143.7072691552063
1607.0,505,0.0,505,2,3.18,3.18,3,14189464225,147.44752475247526
1610.0,517,0.0,517,3,3.11,3.11,3,14189464225,149.86653771760155
1609.8,526,0.0,526,4,3.06,3.06,3,14189464225,151.0722433460076
1607.0,517,0.0,517,5,3.11,3.11,3,14189464225,152.26499032882012
1611.3,518,0.0,518,6,3.11,3.11,3,14189464225,154.16602316602317
1606.7,520,0.0,520,7,3.09,3.09,3,14189464225,155.20384615384614
1609.4,528,0.0,496,8,3.24,3.24,3,14189464225,166.09848484848484
159.0,56,0.0,56,9,2.84,2.84,2,14189464225,165.75
1610.2,476,-1.4,476,1,3.38,3.4,4,14199317525,
1611.8,455,1.1,455,2,3.54,3.55,5,14199317525,
1607.8,439,16.1,439,3,3.66,3.77,6,14199317525,
1609.6,412,-3.1,412,4,3.91,3.91,6,14199317525,
1609.3,418,-18.0,418,5,3.85,3.77,6,14199317525,
1611.0,445,5.9,445,6,3.62,3.67,5,14199317525,
1607.2,419,-5.1,419,7,3.84,3.84,6,14199317525,
803.4,207,-0.6,207,8,3.88,3.88,6,14199317525,
1131.3,356,5.9,356,1,3.18,3.24,3,14199359896,
1614.1,475,0.0,475,1,3.4,3.4,4,14216571872,141.8294736842105
1611.4,469,0.0,469,2,3.44,3.44,4,14216571872,150.06183368869935
1611.4,476,0.0,476,3,3.39,3.39,4,14216571872,158.61344537815125
1606.2,530,0.0,486,4,3.3,3.3,3,14216571872,159.1867924528302
1609.6,513,0.0,513,5,3.14,3.14,3,14216571872,159.93762183235867
1605.6,489,0.0,489,6,3.28,3.28,3,14216571872,155.079754601227
347.4,108,0.0,108,7,3.22,3.22,3,14216571872,157.03703703703704
1610.3,478,0.0,478,1,3.37,3.37,4,14228966227,144.3723849372385
1616.6,495,0.0,495,2,3.27,3.27,3,14228966227,158.7171717171717
1602.6,494,0.0,494,3,3.24,3.24,3,14228966227,162.6578947368421
1615.0,505,0.0,505,4,3.2,3.2,3,14228966227,163.63168316831684
1604.0,492,0.0,492,5,3.26,3.26,3,14228966227,169.75
1610.1,509,0.0,509,6,3.16,3.16,3,14228966227,169.6188605108055
1609.4,523,0.0,523,7,3.08,3.08,3,14228966227,180.04397705544932
359.0,126,0.0,126,8,2.85,2.85,2,14228966227,175.33333333333334
1611.5,488,-0.7,488,1,3.3,3.32,4,14235479183,
1610.2,491,19.2,491,2,3.28,3.39,4,14235479183,
1610.0,467,-5.2,467,3,3.45,3.44,4,14235479183,
1608.1,461,-14.7,461,4,3.49,3.43,4,14235479183,
1607.0,462,-3.7,462,5,3.48,3.47,4,14235479183,
1609.8,473,6.8,473,6,3.4,3.45,4,14235479183,
1610.3,482,-1.7,482,7,3.34,3.34,4,14235479183,
1610.3,477,1.8,477,8,3.38,3.41,4,14235479183,
652.4,197,-6.2,197,9,3.31,3.26,3,14235479183,
1609.5,546,5.8,546,1,2.95,2.99,3,14235562360,
6.9,3,0.0,3,2,2.3,2.3,1,14235562360,
1610.8,392,-1.3,392,1,4.11,4.12,6,14268404133,
1610.5,422,1.0,422,2,3.82,3.82,6,14268404133,
1608.8,438,-4.1,438,3,3.67,3.66,5,14268404133,
1608.2,436,4.5,436,4,3.69,3.74,5,14268404133,
1608.7,460,-0.9,460,5,3.5,3.52,4,14268404133,
1612.2,446,-1.3,446,6,3.61,3.64,5,14268404133,
1607.8,445,-2.1,445,7,3.61,3.61,5,14268404133,
15.0,5,0.0,5,8,3.0,3.0,3,14268404133,
1609.8,542,5.2,542,1,2.97,3.01,3,14268454922,
7.5,3,0.0,3,2,2.5,2.5,1,14268454922,
1610.4,522,-1.7,522,1,3.09,3.1,3,14282283672,
1610.2,555,-0.1,555,2,2.9,2.9,2,14282283672,
1609.4,571,0.9,571,3,2.82,2.84,2,14282283672,
1608.5,577,17.9,577,4,2.79,2.98,3,14282283672,
1608.8,570,-18.1,570,5,2.82,2.82,2,14282283672,
1609.1,577,-0.6,577,6,2.79,2.81,2,14282283672,
1609.8,591,-2.0,591,7,2.72,2.73,2,14282283672,
369.3,141,2.8,141,8,2.62,2.72,2,14282283672,
1611.4,581,-1.3,547,1,2.95,2.96,2,14282801119,
1607.4,617,1.2,544,2,2.95,2.96,2,14282801119,
1611.7,551,13.5,551,3,2.93,3.0,3,14282801119,
1608.0,550,0.1,550,4,2.92,2.94,2,14282801119,
1610.5,554,-14.2,554,5,2.91,2.86,2,14282801119,
1610.3,564,-2.3,564,6,2.86,2.86,2,14282801119,
806.3,276,2.7,276,7,2.92,2.98,3,14282801119,
1612.3,509,-0.9,509,1,3.17,3.18,3,14296784916,
1608.4,524,19.1,524,2,3.07,3.17,3,14296784916,
1611.3,465,-8.3,465,3,3.47,3.44,4,14296784916,
1607.7,466,-10.1,466,4,3.45,3.41,4,14296784916,
1607.9,472,-1.2,472,5,3.41,3.41,4,14296784916,
1610.0,487,0.1,487,6,3.31,3.31,4,14296784916,
1609.8,542,3.8,542,7,2.97,3.0,3,14296784916,
174.5,62,-2.8,62,8,2.81,2.73,2,14296784916,
1611.9,539,-2.0,539,1,2.99,3.0,3,14303098132,
1609.0,579,-0.8,548,2,2.94,2.94,2,14303098132,
1608.4,549,3.5,549,3,2.93,2.96,2,14303098132,
1608.6,540,-2.6,540,4,2.98,2.98,3,14303098132,
1611.3,558,26.2,558,5,2.89,3.05,3,14303098132,
1608.4,546,-18.2,546,6,2.95,2.9,2,14303098132,
1610.2,559,-7.6,529,7,3.04,3.03,3,14303098132,
1608.4,546,-3.9,546,8,2.95,2.95,2,14303098132,
1610.1,560,2.1,560,9,2.88,2.9,2,14303098132,
1608.6,553,11.6,553,10,2.91,2.97,3,14303098132,
1609.0,556,12.6,556,11,2.89,2.95,2,14303098132,
1610.2,486,-20.7,485,12,3.32,3.24,3,14303098132,
1609.4,472,-0.6,472,13,3.41,3.44,4,14303098132,
175.8,51,0.0,51,14,3.45,3.49,4,14303098132,
1612.1,508,-0.6,508,1,3.17,3.19,3,14317470533,
1607.1,519,19.0,519,2,3.1,3.2,3,14317470533,
1609.1,450,-3.1,450,3,3.58,3.58,5,14317470533,
1610.5,444,-15.6,444,4,3.63,3.57,5,14317470533,
1611.0,469,-1.2,469,5,3.43,3.44,4,14317470533,
1608.7,559,1.3,559,6,2.88,2.89,2,14317470533,
1609.4,562,-0.1,562,7,2.86,2.89,2,14317470533,
5.5,2,-0.1,2,8,2.75,2.7,2,14317470533,
1611.6,512,0.1,512,1,3.15,3.17,3,14350058740,
1608.4,521,19.5,521,2,3.09,3.2,3,14350058740,
1609.7,437,-7.7,437,3,3.68,3.66,5,14350058740,
1609.1,445,-14.4,445,4,3.62,3.56,5,14350058740,
1609.2,427,-0.9,427,5,3.77,3.77,6,14350058740,
1611.2,417,3.0,417,6,3.86,3.93,6,14350058740,
1609.7,442,-0.1,442,7,3.64,3.65,5,14350058740,
1607.7,438,-4.2,438,8,3.67,3.66,5,14350058740,
1610.2,432,-1.3,432,9,3.73,3.73,5,14350058740,
1606.9,502,5.3,502,10,3.2,3.24,3,14350058740,
3.5,2,0.0,2,11,1.75,1.75,1,14350058740,
1610.0,557,-3.4,557,1,2.89,2.93,2,14359767920,150.63537906137185
1609.0,578,18.0,578,2,2.78,2.89,2,14359767920,153.23356401384083
1609.8,582,-0.8,582,3,2.77,2.8,2,14359767920,157.9742268041237
1611.2,622,-14.6,575,4,2.8,2.77,2,14359767920,156.8904347826087
1608.9,600,-4.2,600,5,2.68,2.68,2,14359767920,154.85833333333332
1609.0,616,-0.8,616,6,2.61,2.63,2,14359767920,152.13029315960912
1609.6,573,-1.6,573,7,2.81,2.84,2,14359767920,162.7027972027972
1609.2,560,4.2,560,8,2.87,2.92,2,14359767920,170.01607142857142
8.0,3,-0.4,3,9,2.67,2.43,1,14359767920,154.0
1612.0,600,-3.2,600,1,2.69,2.7,2,14370261884,149.30379746835442
1608.5,573,-1.0,573,2,2.81,2.81,2,14370261884,150.20942408376965
1608.2,580,0.8,580,3,2.77,2.81,2,14370261884,153.31206896551726
1609.2,631,-4.6,574,4,2.8,2.81,2,14370261884,154.9006968641115
1610.6,607,-1.0,607,5,2.65,2.69,2,14370261884,153.48764415156506
1607.6,606,3.4,606,6,2.65,2.69,2,14370261884,154.2029702970297
1610.6,607,2.6,607,7,2.65,2.69,2,14370261884,155.49588138385502
482.5,179,-3.0,179,8,2.7,2.67,2,14370261884,159.89944134078212
1611.6,528,-5.2,528,1,3.05,3.07,3,14377239251,154.79545454545453
1607.7,638,7.8,546,2,2.94,3.01,3,14377239251,157.3992673992674
1609.1,567,-1.0,567,3,2.84,2.86,2,14377239251,159.38095238095238
1609.4,583,23.2,583,4,2.76,2.89,2,14377239251,162.11492281303603
1609.5,573,-14.4,573,5,2.81,2.77,2,14377239251,157.0890052356021
1608.8,605,-14.6,561,6,2.87,2.83,2,14377239251,155.8235294117647
1612.3,568,3.0,568,7,2.84,2.88,2,14377239251,162.7218309859155
1608.5,569,14.0,569,8,2.83,2.93,2,14377239251,165.1370826010545
1609.1,578,-2.8,578,9,2.78,2.82,2,14377239251,163.67474048442907
1610.2,591,15.0,591,10,2.72,2.82,2,14377239251,164.9678510998308
1606.6,446,-25.0,446,11,3.6,3.51,4,14377239251,181.0896860986547
1612.6,436,-3.2,436,12,3.7,3.73,5,14377239251,192.10091743119267
1607.1,450,8.4,421,13,3.82,3.88,6,14377239251,192.01333333333332
269.5,73,-2.6,73,14,3.69,3.63,5,14377239251,194.41095890410958
1610.2,565,-11.8,565,1,2.85,2.87,2,14386232113,148.1818181818182
1609.4,569,10.0,569,2,2.83,2.91,2,14386232113,155.0597539543058
1610.5,636,1.2,572,3,2.82,2.85,2,14386232113,150.61363636363637
1609.8,600,27.0,600,4,2.68,2.88,2,14386232113,158.66110183639398
1607.0,581,-26.6,581,5,2.77,2.73,2,14386232113,151.76075731497417
1609.7,579,1.2,579,6,2.78,2.82,2,14386232113,158.92746113989637
1610.2,577,-2.6,577,7,2.79,2.84,2,14386232113,159.51126516464473
1608.7,508,0.2,508,8,3.17,3.22,3,14386232113,173.5542406311637
340.3,103,3.4,103,9,3.3,3.53,4,14386232113,173.49514563106797
1610.5,547,-3.0,547,1,2.94,2.99,3,14400956086,147.87934186471662
1611.6,591,-0.4,511,2,3.15,3.17,3,14400956086,154.73581213307241
1608.5,419,-0.6,419,3,3.84,3.86,6,14400956086,181.99761336515513
1607.4,473,-0.4,473,4,3.4,3.43,4,14400956086,176.7293868921776
1610.0,412,-1.6,412,5,3.91,3.92,6,14400956086,185.65291262135923
1610.5,480,2.2,480,6,3.36,3.39,4,14400956086,177.52083333333334
1610.7,406,-2.8,406,7,3.97,3.97,6,14400956086,188.89162561576356
1607.1,472,1.6,472,8,3.4,3.44,4,14400956086,180.96822033898306
1609.4,408,-1.4,408,9,3.94,3.96,6,14400956086,191.2156862745098
1608.4,538,0.0,538,10,2.99,3.03,3,14400956086,171.23791821561338
946.7,340,0.6,340,11,2.78,2.81,2,14400956086,159.65882352941176
1609.6,585,-1.2,585,1,2.75,2.81,2,14407604196,143.56357388316152
1611.3,666,-1.6,594,2,2.71,2.72,2,14407604196,140.77065767284992
1608.6,597,-4.0,597,3,2.69,2.7,2,14407604196,142.99832495812396
1608.4,579,3.8,579,4,2.78,2.82,2,14407604196,148.80656303972367
1611.7,566,-0.8,566,5,2.85,2.86,2,14407604196,151.67137809187278
1607.9,620,-2.4,560,6,2.87,2.89,2,14407604196,151.88214285714287
1609.7,550,7.6,550,7,2.93,2.98,3,14407604196,158.07454545454544
327.1,108,-2.6,108,8,3.03,2.99,3,14407604196,162.1851851851852
1614.5,571,-1.6,571,1,2.83,2.85,2,14417217550,146.0278293135436
1604.8,595,1.8,552,2,2.91,2.93,2,14417217550,149.9766081871345
1609.2,562,-4.4,562,3,2.86,2.86,2,14417217550,154.99428571428572
1610.6,702,2.8,556,4,2.9,2.95,2,14417217550,154.78317757009347
1607.9,564,0.0,564,5,2.85,2.87,2,14417217550,156.23443223443223
1611.3,572,-3.4,572,6,2.82,2.84,2,14417217550,156.2566037735849
1608.2,511,6.8,511,7,3.15,3.2,3,14417217550,168.74565217391304
5.3,3,0.0,3,8,1.77,1.87,1,14417217550,178.5
1609.5,551,-0.6,551,1,2.92,2.95,2,14425914052,146.51724137931035
1609.6,563,20.0,563,2,2.86,2.98,3,14425914052,153.92184724689164
1610.5,706,-5.4,552,3,2.92,2.95,2,14425914052,150.5108695652174
1609.1,561,-14.8,561,4,2.87,2.83,2,14425914052,147.92869875222817
1610.2,600,-2.4,558,5,2.89,2.89,2,14425914052,150.31597845601436
1608.2,554,3.6,554,6,2.9,2.96,2,14425914052,151.34657039711192
1609.8,569,-3.2,540,7,2.98,3.0,3,14425914052,152.57037037037037
1610.3,562,25.8,562,8,2.87,3.05,3,14425914052,159.41459074733095
1607.0,590,-0.4,552,9,2.91,3.01,3,14425914052,153.48820326678765
1609.5,433,-26.2,433,10,3.72,3.62,5,14425914052,172.27482678983833
1609.9,426,-3.4,426,11,3.78,3.8,6,14425914052,181.2511737089202
1608.8,408,8.4,408,12,3.94,4.03,6,14425914052,186.67156862745097
166.9,42,-2.6,42,13,3.97,3.85,6,14425914052,190.95238095238096
1610.3,518,-1.6,518,1,3.11,3.14,3,14449465890,160.7065637065637
1609.8,592,1.4,529,2,3.04,3.08,3,14449465890,164.77462121212122
1609.7,469,-3.4,428,3,3.76,3.8,6,14449465890,181.8337236533958
1608.6,463,-1.8,463,4,3.47,3.5,4,14449465890,183.20518358531316
1612.0,408,5.8,408,5,3.95,4.04,6,14449465890,189.04656862745097
1607.6,457,2.4,454,6,3.54,3.6,5,14449465890,184.64551422319474
1608.3,517,-5.4,517,7,3.11,3.12,3,14449465890,176.40425531914894
1612.3,405,0.8,405,8,3.98,4.0,6,14449465890,191.17037037037036
1605.8,582,6.0,582,9,2.76,2.82,2,14449465890,167.31497418244408
16.9,5,-0.2,5,10,3.38,3.3,3,14449465890,162.8
1609.6,570,-1.2,570,1,2.82,2.85,2,14457585175,155.02722323049002
1610.3,622,2.0,561,2,2.87,2.89,2,14457585175,159.21033868092692
1609.1,574,-5.2,574,3,2.8,2.8,2,14457585175,159.68466898954705
1610.8,648,2.6,570,4,2.83,2.88,2,14457585175,158.96491228070175
1607.1,591,26.8,591,5,2.72,2.89,2,14457585175,161.89509306260575
1612.0,575,-25.6,575,6,2.8,2.73,2,14457585175,155.56869565217391
1608.0,557,-3.2,557,7,2.89,2.91,2,14457585175,160.4362657091562
1611.2,514,8.4,513,8,3.14,3.21,3,14457585175,169.19298245614036
382.4,131,-2.4,131,9,2.92,2.89,2,14457585175,173.3053435114504
1610.4,582,-2.4,582,1,2.77,2.79,2,14467837060,140.86426116838487
1609.0,612,1.4,552,2,2.91,2.95,2,14467837060,155.0996376811594
1611.1,560,-4.6,560,3,2.88,2.89,2,14467837060,156.1482142857143
1609.3,616,4.0,569,4,2.83,2.89,2,14467837060,155.05114638447972
1608.9,554,-1.4,554,5,2.9,2.92,2,14467837060,161.16636528028934
1607.5,578,-2.8,578,6,2.78,2.81,2,14467837060,158.37716262975778
1611.4,595,5.4,595,7,2.71,2.77,2,14467837060,158.45362563237774
1608.6,594,1.8,594,8,2.71,2.77,2,14467837060,159.22895622895624
7.6,3,0.0,3,9,2.53,2.53,1,14467837060,158.33333333333334
1609.7,553,6.0,553,1,2.91,2.96,2,14478498690,150.52260397830017
1611.2,532,4.8,532,2,3.03,3.08,3,14478498690,161.3139097744361
1608.6,538,6.2,490,3,3.28,3.33,4,14478498690,169.5
1611.4,448,12.8,448,4,3.6,3.68,5,14478498690,179.58482142857142
1607.7,434,4.2,434,5,3.7,3.76,6,14478498690,184.4516129032258
1609.6,472,-5.8,447,6,3.6,3.6,5,14478498690,179.63982102908278
1610.3,452,-11.6,433,7,3.72,3.68,5,14478498690,183.1824480369515
1607.8,457,-10.2,442,8,3.64,3.62,5,14478498690,184.15837104072398
1611.4,466,-4.2,466,9,3.46,3.46,4,14478498690,178.24678111587983
1606.3,542,-5.6,542,10,2.96,2.97,3,14478498690,163.30258302583024
386.8,135,1.4,135,11,2.87,2.9,2,14478498690,159.0814814814815
1609.6,584,2.6,584,1,2.76,2.78,2,14489438753,142.47684391080617
1611.0,556,9.0,556,2,2.9,2.96,2,14489438753,151.53057553956833
1609.2,561,9.0,561,3,2.87,2.93,2,14489438753,152.21212121212122
1609.0,625,13.4,556,4,2.89,2.97,3,14489438753,154.69064748201438
1608.0,539,-11.2,539,5,2.98,2.95,2,14489438753,152.32838589981446
1611.9,536,-10.6,536,6,3.01,2.98,3,14489438753,158.36007462686567
1609.3,551,-6.0,551,7,2.92,2.92,2,14489438753,155.7005444646098
1607.5,511,-9.0,511,8,3.15,3.14,3,14489438753,160.42857142857142
384.7,132,-0.2,132,9,2.91,2.92,2,14489438753,163.9469696969697
1609.8,539,-29.4,539,1,2.99,2.88,2,14510239896,139.12476370510396
1609.6,585,-19.8,537,2,3.0,2.93,2,14510239896,145.61567164179104
1608.9,550,-16.6,542,3,2.97,2.91,2,14510239896,147.51476014760146
1609.1,592,-12.2,540,4,2.98,2.95,2,14510239896,153.90943396226416
1610.1,574,1.0,548,5,2.94,2.95,2,14510239896,156.58866544789763
1609.3,586,14.2,549,6,2.93,3.0,3,14510239896,154.13479052823314
1610.4,572,20.8,572,7,2.82,2.92,2,14510239896,153.78846153846155
1609.1,571,22.0,571,8,2.82,2.92,2,14510239896,155.09457092819613
1609.0,563,34.8,563,9,2.86,3.06,3,14510239896,156.4866785079929
1609.9,654,-13.2,536,10,3.0,3.01,3,14510239896,152.03189493433396
1610.4,441,-29.2,441,11,3.65,3.52,4,14510239896,170.42857142857142
1608.9,457,-14.0,457,12,3.52,3.48,4,14510239896,174.5767543859649
1609.8,454,21.2,454,13,3.55,3.69,5,14510239896,181.6013215859031
2.6,1,0.0,1,14,2.6,2.6,2,14510239896,190.0
1611.1,566,-29.6,566,1,2.85,2.75,2,14521633826,155.01067615658363
1607.8,569,-23.6,569,2,2.83,2.75,2,14521633826,159.7908611599297
1611.4,588,-16.2,588,3,2.74,2.69,2,14521633826,159.11904761904762
1607.7,635,19.4,635,4,2.53,2.62,2,14521633826,158.53858267716535
1609.5,641,24.0,641,5,2.51,2.62,2,14521633826,160.41965678627145
1608.9,651,29.4,650,6,2.48,2.62,2,14521633826,161.13692307692307
1609.6,633,4.8,633,7,2.54,2.63,2,14521633826,162.01582278481013
479.8,176,-9.6,176,8,2.73,2.66,2,14521633826,161.7840909090909
1611.4,575,-46.8,518,1,3.11,2.98,3,14529894063,154.83976833976834
1608.9,528,-29.6,528,2,3.05,2.94,2,14529894063,165.75378787878788
1608.6,442,-23.2,442,3,3.64,3.54,5,14529894063,184.26244343891403
1608.6,472,-13.4,472,4,3.41,3.38,4,14529894063,181.66101694915255
368.5,140,4.6,114,5,3.23,3.4,4,14529894063,182.6315789473684
1611.5,569,20.8,569,1,2.83,2.99,3,14530148129,172.55536028119508
1608.5,579,26.4,579,2,2.78,2.96,2,14530148129,175.18307426597582
1611.4,557,1.4,532,3,3.03,3.08,3,14530148129,179.2800751879699
1607.8,551,-19.2,470,4,3.42,3.38,4,14530148129,170.34255319148937
26.8,9,-0.4,9,5,2.98,3.03,3,14530148129,169.66666666666666
1611.1,566,-47.0,566,1,2.85,2.71,2,14552122834,146.37056737588654
1610.1,571,-31.4,571,2,2.82,2.72,2,14552122834,154.02101576182136
1609.2,643,-24.4,596,3,2.7,2.64,2,14552122834,156.99496644295303
1607.3,592,-12.8,592,4,2.72,2.73,2,14552122834,161.87648054145515
1609.8,621,20.2,621,5,2.59,2.7,2,14552122834,162.4830917874396
1609.6,622,21.8,622,6,2.59,2.7,2,14552122834,165.10932475884243
1610.0,627,33.6,627,7,2.57,2.75,2,14552122834,168.2825040128411
1608.2,522,-31.4,522,8,3.08,3.0,3,14552122834,180.72115384615384
802.7,257,-3.8,257,9,3.12,3.14,3,14552122834,176.82421875
1610.4,507,-45.6,507,1,3.18,3.02,3,14561943034,158.0532544378698
1608.5,531,-30.4,531,2,3.03,2.92,2,14561943034,164.7608286252354
1612.2,561,-23.4,516,3,3.12,3.07,3,14561943034,168.91860465116278
1609.8,486,-16.6,486,4,3.31,3.28,3,14561943034,177.70987654320987
1605.9,525,20.4,525,5,3.06,3.19,3,14561943034,180.13333333333333
1609.3,524,8.0,524,6,3.07,3.13,3,14561943034,180.35946462715106
1610.3,520,14.4,519,7,3.1,3.2,3,14561943034,183.1980769230769
1609.9,468,-22.4,468,8,3.44,3.37,4,14561943034,186.72435897435898
1610.9,605,21.4,605,1,2.66,2.81,2,14562113918,168.66280991735536
400.9,145,1.4,145,2,2.76,2.86,2,14562113918,177.06206896551726
1610.3,532,4.2,532,1,3.03,3.07,3,14581578104,166.9906015037594
1611.1,543,4.4,543,2,2.97,3.02,3,14581578104,173.49171270718233
1608.7,531,10.4,531,3,3.03,3.1,3,14581578104,179.41996233521658
1608.4,535,8.8,535,4,3.01,3.07,3,14581578104,183.68598130841121
1609.6,538,10.4,538,5,2.99,3.07,3,14581578104,183.5260223048327
1609.7,560,8.4,560,6,2.87,2.92,2,14581578104,178.23928571428573
1608.7,540,-1.6,540,7,2.98,3.0,3,14581578104,178.96666666666667
1609.6,537,-6.2,537,8,3.0,2.99,3,14581578104,176.57728119180632
1609.4,539,-11.4,539,9,2.99,2.97,3,14581578104,174.35807050092765
1608.9,441,-9.4,441,10,3.65,3.62,5,14581578104,190.03854875283446
1609.2,448,-7.2,448,11,3.59,3.6,5,14581578104,195.02455357142858
1609.8,591,-2.4,443,12,3.63,3.7,5,14581578104,192.41083521444696
394.7,108,-5.6,108,13,3.65,3.56,5,14581578104,196.4351851851852
1611.2,799,0.0,799,1,2.02,2.02,1,14593645786,138.46433041301626
1609.3,713,0.0,713,2,2.26,2.26,1,14593645786,149.00140252454418
1609.1,1858,0.0,1716,3,0.94,0.94,1,14593645786,154.6318622174381
1609.4,887,0.0,859,4,1.87,1.87,1,14593645786,158.88951521984217
617.1,526,0.0,526,5,1.17,1.17,1,14593645786,151.2338403041825
1609.9,554,2.2,554,1,2.91,2.94,2,14600852466,147.68115942028984
1612.4,544,4.2,538,2,3.0,3.05,3,14600852466,158.52230483271376
1609.1,421,6.4,421,3,3.82,3.88,6,14600852466,181.52019002375297
1609.7,514,10.2,445,4,3.62,3.69,5,14600852466,181.12808988764044
1608.4,451,-1.6,451,5,3.57,3.59,5,14600852466,183.57777777777778
1610.1,440,-13.2,440,6,3.66,3.61,5,14600852466,183.25227272727273
1608.1,448,-4.2,448,7,3.59,3.6,5,14600852466,184.87276785714286
1608.7,446,-5.8,446,8,3.61,3.6,5,14600852466,187.1121076233184
1607.8,574,-3.4,574,9,2.8,2.81,2,14600852466,162.23170731707316
8.0,3,0.0,3,10,2.67,2.67,2,14600852466,164.66666666666666
1611.9,548,3.8,548,1,2.94,2.97,3,14611868821,147.56934306569343
1607.7,534,2.0,534,2,3.01,3.06,3,14611868821,156.6011235955056
1612.1,588,-0.8,524,3,3.08,3.09,3,14611868821,154.48664122137404
1607.5,520,0.0,520,4,3.09,3.11,3,14611868821,161.59922928709057
1608.8,605,-4.6,516,5,3.12,3.12,3,14611868821,159.09126213592234
1610.5,515,3.6,515,6,3.13,3.16,3,14611868821,162.9785992217899
1609.0,521,1.2,521,7,3.09,3.12,3,14611868821,160.78694817658348
1608.4,521,-2.6,521,8,3.09,3.12,3,14611868821,161.0596153846154
1610.1,523,5.8,523,9,3.08,3.12,3,14611868821,163.18546845124283
1610.3,510,-2.8,510,10,3.16,3.18,3,14611868821,165.50687622789783
405.2,129,-5.8,129,11,3.14,3.06,3,14611868821,162.48062015503876
1610.3,500,-23.0,500,1,3.22,3.14,3,14622303292,145.152
1608.7,657,-0.2,521,2,3.09,3.11,3,14622303292,157.20537428023033
1610.3,515,2.8,515,3,3.13,3.17,3,14622303292,158.29126213592232
1609.1,554,8.4,554,4,2.9,2.97,3,14622303292,158.0740072202166
1611.4,683,2.8,549,5,2.94,2.99,3,14622303292,155.35154826958106
1606.3,530,3.8,530,6,3.03,3.07,3,14622303292,157.59056603773584
1611.1,549,1.8,549,7,2.93,2.97,3,14622303292,157.45901639344262
1608.0,526,-9.8,526,8,3.06,3.05,3,14622303292,160.06653992395437
1213.5,431,14.0,431,9,2.82,2.92,2,14622303292,160.1136890951276
1610.5,521,3.8,521,1,3.09,3.13,3,14632710184,142.67370441458732
1610.7,535,1.2,506,2,3.18,3.22,3,14632710184,151.21584158415843
1607.4,452,-4.2,452,3,3.56,3.55,5,14632710184,168.9090909090909
1611.8,471,-0.8,446,4,3.61,3.63,5,14632710184,170.60089686098655
1607.2,434,3.2,434,5,3.7,3.74,5,14632710184,177.42857142857142
1610.2,474,-7.0,448,6,3.59,3.62,5,14632710184,177.02901785714286
1608.5,471,8.4,440,7,3.66,3.71,5,14632710184,180.013698630137
1609.7,454,-0.2,454,8,3.55,3.57,5,14632710184,180.26872246696036
1609.1,498,0.2,498,9,3.23,3.26,3,14632710184,173.5050709939148
1611.2,529,-5.6,529,10,3.05,3.03,3,14632710184,158.93950850661625
801.5,259,-1.0,259,11,3.09,3.09,3,14632710184,159.76833976833976
1611.2,1203,0.0,1103,1,1.46,1.46,1,14643590046,125.62261014131339
1607.7,340,0.0,340,2,4.73,4.73,6,14643590046,143.97058823529412
1610.5,352,0.0,352,3,4.58,4.58,6,14643590046,148.1306818181818
1609.9,583,0.0,507,4,3.18,3.18,3,14643590046,138.12349914236708
1609.7,353,0.0,353,5,4.56,4.56,6,14643590046,149.45892351274787
1611.1,344,0.0,344,6,4.68,4.68,6,14643590046,149.7906976744186
1609.0,384,0.0,384,7,4.19,4.19,6,14643590046,158.3046875
1608.9,393,0.0,393,8,4.09,4.09,6,14643590046,161.4325699745547
1608.2,396,0.0,396,9,4.06,4.06,6,14643590046,162.81313131313132
1610.8,468,0.0,468,10,3.44,3.44,4,14643590046,164.64102564102564
267.1,266,0.0,266,11,1.0,1.0,1,14643590046,146.68796992481202
1610.6,502,6.0,502,1,3.21,3.26,3,14653949851,147.99003984063745
1609.0,541,1.8,504,2,3.19,3.24,3,14653949851,156.7876984126984
1611.0,499,-5.2,499,3,3.23,3.22,3,14653949851,157.72144288577155
1607.4,525,6.0,525,4,3.06,3.12,3,14653949851,160.7047619047619
1610.8,523,-4.0,523,5,3.08,3.1,3,14653949851,159.66026871401152
1609.4,516,-3.6,516,6,3.12,3.12,3,14653949851,161.3468992248062
1609.3,534,6.4,534,7,3.01,3.06,3,14653949851,161.74344569288388
1608.8,527,1.6,527,8,3.05,3.1,3,14653949851,160.17300380228136
1608.5,531,-5.2,531,9,3.03,3.02,3,14653949851,160.90395480225988
1610.0,576,3.8,547,10,2.94,2.98,3,14653949851,159.92321755027422
1608.7,473,-0.6,473,11,3.4,3.43,4,14653949851,171.12923728813558
1611.2,446,0.4,446,12,3.61,3.63,5,14653949851,182.48878923766816
1609.2,489,-2.4,468,13,3.44,3.45,4,14653949851,179.02564102564102
1608.5,456,-2.8,432,14,3.72,3.74,5,14653949851,185.86805555555554
5.9,2,0.0,2,15,2.95,2.95,2,14653949851,188.5
1610.5,511,5.2,499,1,3.23,3.28,3,14673341966,156.86773547094188
1610.0,510,3.8,510,2,3.16,3.2,3,14673341966,163.17450980392158
1610.4,436,11.2,436,3,3.69,3.78,6,14673341966,181.37155963302752
1607.1,435,8.8,435,4,3.69,3.75,5,14673341966,186.7816091954023
1609.7,509,-8.6,509,5,3.16,3.14,3,14673341966,174.5728346456693
1611.8,421,-11.4,421,6,3.83,3.79,6,14673341966,186.56532066508314
1607.6,430,-4.8,430,7,3.74,3.75,5,14673341966,190.0720930232558
1609.3,512,-6.0,512,8,3.14,3.15,3,14673341966,176.9375
386.9,127,-3.0,127,9,3.05,3.01,3,14673341966,179.8188976377953
1611.7,505,-0.4,505,1,3.19,3.22,3,14683909203,149.46138613861388
1609.0,525,19.4,525,2,3.06,3.19,3,14683909203,159.53333333333333
1608.2,520,-9.0,520,3,3.09,3.07,3,14683909203,156.01153846153846
1608.8,520,-13.2,520,4,3.09,3.05,3,14683909203,157.5076923076923
1609.8,603,-1.6,533,5,3.02,3.04,3,14683909203,153.5140712945591
1608.6,538,4.6,538,6,2.99,3.04,3,14683909203,158.3921933085502
1613.7,528,-2.4,528,7,3.06,3.08,3,14683909203,160.4459203036053
1600.7,500,6.8,500,8,3.2,3.27,3,14683909203,174.078
1609.6,510,-2.6,510,1,3.16,3.18,3,14695308908,147.48627450980393
1610.5,602,2.0,526,2,3.06,3.09,3,14695308908,154.0190114068441
1610.5,544,-4.6,544,3,2.96,2.96,2,14695308908,158.26654411764707
1607.1,554,2.8,554,4,2.9,2.95,2,14695308908,162.9765342960289
1610.8,557,1.4,557,5,2.89,2.92,2,14695308908,162.83842010771994
1608.7,573,-3.0,573,6,2.81,2.83,2,14695308908,160.82198952879583
1609.3,584,8.2,584,7,2.76,2.82,2,14695308908,159.736301369863
483.4,166,-3.0,166,8,2.91,2.89,2,14695308908,163.9878787878788
1611.8,481,-11.4,481,1,3.35,3.34,4,14705183003,160.40540540540542
1608.0,546,11.0,469,2,3.43,3.53,4,14705183003,172.6140724946695
1610.2,442,-2.2,442,3,3.64,3.66,5,14705183003,183.89592760180994
1609.5,469,19.2,469,4,3.43,3.62,5,14705183003,185.3454157782516
1607.8,470,-18.8,458,5,3.51,3.48,4,14705183003,182.46608315098467
1611.2,494,1.6,494,6,3.26,3.3,3,14705183003,181.50202429149797
1607.3,496,-6.2,496,7,3.24,3.24,3,14705183003,179.0483870967742
809.5,267,6.6,267,8,3.03,3.13,3,14705183003,180.20224719101122
1609.4,780,0.0,780,1,2.06,2.06,1,14714877327,141.04615384615386
1612.0,603,0.0,475,2,3.39,3.39,4,14714877327,144.08291873963515
1608.1,431,0.0,431,3,3.73,3.73,5,14714877327,157.0232018561485
1611.0,438,0.0,438,4,3.68,3.68,5,14714877327,157.9497716894977
1609.1,421,0.0,421,5,3.82,3.82,6,14714877327,160.57244655581948
1608.6,428,0.0,428,6,3.76,3.76,6,14714877327,161.0
1598.2,414,0.0,414,7,3.86,3.86,6,14714877327,161.2173913043478
1609.6,509,-4.2,509,1,3.16,3.17,3,14724531429,148.0
1610.2,559,3.0,508,2,3.17,3.21,3,14724531429,152.76377952755905
1610.6,516,-4.2,516,3,3.12,3.13,3,14724531429,157.88372093023256
1607.0,508,3.0,508,4,3.16,3.21,3,14724531429,164.25590551181102
1612.6,567,20.4,534,5,3.02,3.19,3,14724531429,162.8801498127341
1608.6,513,-14.6,513,6,3.14,3.12,3,14724531429,163.82066276803118
1607.9,500,-7.2,500,7,3.22,3.21,3,14724531429,166.674
1609.9,511,-3.4,511,8,3.15,3.17,3,14724531429,166.84931506849315
1609.7,462,1.0,462,9,3.48,3.51,4,14724531429,177.40997830802604
1608.8,441,-0.4,441,10,3.65,3.67,5,14724531429,184.7482993197279
547.4,146,0.2,146,11,3.75,3.77,6,14724531429,187.18493150684932
